{"cameraMode":{"drawMode":0,"name":"Shaded","section":"Shading Mode"},"sceneLighting":false,"audioPlay":false,"sceneViewState":{"m_AlwaysRefresh":false,"showFog":true,"showSkybox":true,"showFlares":true,"showImageEffects":true,"showParticleSystems":true,"showVisualEffectGraphs":true,"m_FxEnabled":true},"in2DMode":false,"pivot":{"x":1.274775505065918,"y":2.035888195037842,"z":2.0798332691192629},"rotation":{"x":-0.012829574756324292,"y":0.8295553922653198,"z":-0.018860284239053727,"w":-0.5581618547439575},"size":0.3667307496070862,"orthographic":false}