{"cameraMode":{"drawMode":0,"name":"Shaded","section":"Shading Mode"},"sceneLighting":false,"audioPlay":false,"sceneViewState":{"m_AlwaysRefresh":false,"showFog":true,"showSkybox":true,"showFlares":true,"showImageEffects":true,"showParticleSystems":true,"showVisualEffectGraphs":true,"m_FxEnabled":true},"in2DMode":false,"pivot":{"x":2.0003113746643068,"y":0.9973474740982056,"z":1.5944645404815674},"rotation":{"x":0.19435088336467744,"y":-0.6842733025550842,"z":0.6748291850090027,"w":0.19679969549179078},"size":3.4325554370880129,"orthographic":true}